,index,score,fgm,fga,fgm3,fga3,ftm,fta,or,dr,ast,to,stl,blk,pf
0,1101,72.65,25.616666666666667,53.650000000000006,7.466666666666667,18.28333333333333,13.95,20.0,7.883333333333333,22.816666666666666,14.066666666666666,14.8,7.233333333333333,2.3666666666666667,22.45
1,1102,62.050600343053176,21.165694682675813,47.44802744425386,7.392281303602058,20.686277873070324,12.326929674099485,17.602744425385936,6.518353344768439,20.557975986277874,13.141852487135505,11.456946826758148,6.393653516295026,2.0703259005145798,17.315265866209263
2,1103,68.49760765550239,23.773125996810208,55.67424242424242,7.043261562998405,20.677232854864435,13.908094098883574,20.69896331738437,11.94078947368421,21.74182615629984,12.76116427432217,13.163078149920256,6.444776714513557,3.254385964912281,19.12938596491228
3,1104,67.48730158730159,23.624603174603173,54.484920634920634,6.06984126984127,17.70952380952381,14.168253968253968,19.95952380952381,11.42142857142857,23.72936507936508,11.297619047619047,13.36984126984127,6.465873015873016,4.376190476190477,17.95873015873016
4,1105,67.41933191186922,23.327825159914713,57.7364960909737,6.165067519545131,19.10856432125089,14.59861407249467,22.53091684434968,12.938166311300641,24.639125799573563,12.169864960909738,15.051705756929639,7.3976545842217485,3.802594171997157,19.296197583511017
5,1106,65.19032395566921,22.38118073316283,54.751065643648765,5.768115942028985,18.132246376811594,14.659846547314578,22.630434782608695,12.674658994032395,23.210038363171357,11.023976982097187,14.695971867007673,6.42540494458653,3.3284313725490198,19.195545609548166
6,1107,65.1686507936508,23.033730158730158,53.58928571428571,5.844246031746032,16.88095238095238,13.256944444444445,18.40277777777778,11.267857142857142,23.44345238095238,11.409722222222221,13.846230158730158,5.549603174603175,2.428571428571429,17.85615079365079
7,1108,66.04964285714286,23.411785714285713,54.50714285714285,5.414285714285715,15.97107142857143,13.811785714285715,21.275714285714287,10.397857142857143,23.553214285714287,10.731785714285714,15.741071428571429,6.656428571428572,3.1532142857142857,19.559642857142858
8,1110,63.088100686498855,22.373379099923724,51.02669717772693,6.519832189168573,18.25705568268497,11.821510297482838,17.441266209000762,8.918382913806255,23.52326468344775,12.845537757437071,13.036613272311213,5.255148741418765,2.525934401220442,17.42105263157895
9,1111,71.83544137022398,24.87615283267457,56.596442687747036,7.302766798418972,20.136495388669303,14.780368906455863,21.478524374176548,11.78076416337286,24.48748353096179,12.399472990777339,15.119894598155469,6.606192358366272,3.496969696969697,19.18194993412385
10,1112,70.27385243931747,24.72110069694785,57.254025474645516,5.685412160538332,16.634583032924777,15.146238884883442,21.049627493391014,11.825402547464552,23.744532564287432,12.968517183369382,12.916366258111031,5.897981254506128,3.394616678683009,17.538692621965872
11,1113,68.65479390681003,24.0956541218638,54.911738351254485,6.658826164874552,19.463709677419352,13.804659498207885,20.35282258064516,11.053315412186379,23.189068100358426,13.77105734767025,12.818324372759857,5.518593189964157,3.4124103942652333,18.06877240143369
12,1114,68.03346774193548,23.024193548387096,53.99354838709678,5.9322580645161285,16.13225806451613,16.05282258064516,23.15483870967742,11.147983870967742,23.707056451612903,11.562298387096774,13.628629032258065,6.05866935483871,3.403225806451613,20.217741935483872
13,1115,63.051624964049466,22.442191544434856,53.59246476847858,5.108283002588438,16.382369859073915,13.058958872591315,20.49338510209951,11.304716709807305,23.74978429680759,11.696577509347138,15.471383376473971,7.588725913143515,3.8018406672418754,20.054069600230086
14,1116,70.9688679245283,25.064308176100628,58.24606918238993,6.14874213836478,17.932704402515725,14.691509433962263,21.41635220125786,11.55550314465409,22.70377358490566,13.137421383647798,12.72374213836478,7.1515723270440255,4.740566037735849,19.800471698113206
15,1117,69.85284118504129,24.376153472559494,55.85976202039825,6.14108790675085,17.338149587178243,14.959446333171442,22.079650315687225,11.482030111704711,24.367411364740164,11.818115590092278,13.503278290432249,5.674356483729966,3.1529868868382707,18.595191840699368
16,1119,65.82822966507177,23.246092503987242,53.896331738437,6.937001594896332,19.375757575757575,12.399043062200956,18.10079744816587,9.678309409888357,23.834609250398724,13.396012759170652,14.76634768740032,6.560765550239235,2.672567783094099,19.25964912280702
17,1120,69.16288916562888,24.05840597758406,55.7453300124533,7.312204234122042,21.30610211706102,13.73387297633873,20.899626400996265,11.183810709838106,22.73437110834371,12.616562889165628,13.747571606475717,7.414570361145703,4.0433374844333745,19.303362391033623
18,1122,73.43006809848089,25.224812292648856,56.07438449449974,6.381176881438799,18.056486816832546,16.59926663174437,24.086170770036667,11.499301554042255,22.502095337873232,13.253361271171642,13.80286362842675,7.0086432687270825,3.236423956696351,18.369041382922994
19,1123,66.24168236032642,22.73770663318686,53.66352793471438,6.120631931366395,17.641661435446746,14.645637162586315,21.5894538606403,11.086629001883239,24.146892655367232,11.751830926972168,13.243774848294622,5.761560996024272,2.646055660179954,19.747122829043732
20,1124,68.66464285714285,24.033214285714287,55.11785714285715,6.926428571428572,19.310000000000002,13.671785714285715,19.571785714285713,12.387857142857143,23.00785714285714,12.273214285714285,13.490357142857142,6.058928571428572,3.7978571428571426,18.325
21,1125,73.39214919144496,25.36358894105373,56.50013041210224,8.45057381324987,25.39280125195618,14.214397496087637,20.786645800730305,10.359937402190923,22.916666666666664,14.603677621283255,14.726656233698487,7.1444966092853415,2.1637976004173187,19.662884715701615
22,1126,64.39761904761905,22.86309523809524,53.22619047619048,5.679761904761905,16.670238095238094,12.991666666666667,19.392857142857142,11.241666666666667,22.175,11.279761904761905,14.401190476190475,7.045238095238095,2.822619047619048,19.45952380952381
23,1127,65.20748299319727,23.14625850340136,53.995052566481135,6.58426097711812,19.09817563388992,12.330705009276437,18.00865800865801,10.478200371057515,23.245052566481135,10.960884353741497,13.358379715522574,6.192949907235621,3.438157081014224,18.58982683982684
24,1128,64.12727272727273,21.778787878787877,46.266666666666666,7.303030303030303,18.687878787878788,13.266666666666666,18.636363636363637,7.418181818181818,21.28787878787879,12.618181818181817,13.487878787878788,5.166666666666666,3.1484848484848484,17.578787878787878
25,1129,71.83058823529412,25.379803921568627,58.14205882352941,7.2238235294117645,21.041470588235292,13.847156862745098,19.854607843137256,10.997450980392156,23.767941176470586,13.343333333333334,13.551960784313724,6.29078431372549,2.520196078431373,18.635098039215684
26,1130,69.57792207792208,24.316738816738816,54.63997113997114,6.55988455988456,18.50865800865801,14.384559884559884,20.218614718614717,10.896825396825397,22.404761904761905,14.174603174603174,12.738816738816737,5.644300144300145,3.3636363636363633,17.24963924963925
27,1131,66.01153846153846,22.784065934065936,54.47307692307692,6.85,20.417582417582416,13.593406593406595,19.621428571428574,10.504945054945054,23.9,12.09010989010989,13.043406593406594,6.1521978021978025,3.0428571428571427,18.7021978021978
28,1132,66.30184550989345,23.76312785388128,53.06858828006088,5.625095129375952,16.111491628614917,13.150494672754945,19.466324200913242,10.072203196347033,23.597602739726028,12.527682648401825,14.081906392694064,6.735635464231354,3.5918949771689497,19.212804414003045
29,1133,66.35227272727272,23.18844696969697,54.49242424242424,6.133522727272727,17.99715909090909,13.84185606060606,19.49431818181818,10.625,22.8125,12.09185606060606,13.698863636363637,7.072916666666666,2.8551136363636367,19.008522727272727
30,1135,69.32168079096046,23.478813559322035,51.83439265536723,7.192796610169491,19.57609463276836,15.171257062146893,21.262005649717516,8.4795197740113,23.154484463276837,13.641419491525424,14.03513418079096,7.060028248587571,3.1986228813559325,17.647245762711865
31,1136,70.0593093093093,24.906906906906904,55.13175675675676,7.242867867867868,20.246246246246244,13.002627627627628,18.281156156156158,9.651651651651651,24.34271771771772,13.983108108108109,13.08521021021021,5.608108108108108,2.1674174174174174,18.46433933933934
32,1137,64.61248751248752,22.478621378621376,52.54005994005994,6.399300699300699,17.721278721278722,13.255944055944056,18.811488511488513,9.515884115884116,23.59100899100899,12.751148851148852,13.469530469530469,5.772727272727273,2.7485514485514484,17.81948051948052
33,1138,70.14604462474645,24.77155172413793,56.9421906693712,6.227941176470589,18.087728194726168,14.375,21.14858012170385,12.795131845841784,23.960699797160245,13.359279918864097,14.850152129817445,6.97920892494929,3.4939148073022315,19.92393509127789
34,1139,65.30966898954703,22.341245644599304,53.01350174216028,6.921820557491289,21.02155923344948,13.705357142857142,19.25479094076655,9.783101045296167,21.041594076655052,11.165940766550523,11.199912891986063,5.667029616724738,2.461672473867596,18.48453832752613
35,1140,71.96066252587991,25.156832298136646,58.37836438923395,6.361283643892339,18.63664596273292,15.285714285714285,21.840062111801245,11.147515527950311,24.63561076604555,13.363871635610765,12.504140786749481,6.760351966873706,3.3762939958592133,19.775879917184263
36,1141,69.28544061302682,23.653804050355774,54.3772577996716,7.70128626163109,21.720443349753694,14.27654625068418,20.510262725779967,10.880952380952381,21.30966064586754,11.576902025177887,13.679392446633827,7.310755336617406,2.5967432950191567,20.38026819923372
37,1142,66.07075732448867,23.444582642343835,55.134881149806525,6.969596462133776,20.219872857932558,12.21199557766722,17.577529021558874,11.092592592592592,22.595632946379215,12.313985627418463,11.95480928689884,5.934355997788833,2.733969043670536,17.74930901050304
38,1143,69.2876984126984,24.8234126984127,56.06547619047619,5.570436507936508,16.470238095238095,14.070436507936508,19.767857142857146,10.313492063492063,23.578373015873016,13.405753968253968,12.285714285714285,5.378968253968254,3.0972222222222223,18.032738095238095
39,1144,71.1765625,24.684375,55.56875,6.6359375,18.565625,15.171875,21.63125,10.9125,23.490625,14.0890625,14.38125,6.890625,3.240625,19.096875
40,1145,70.5845864661654,25.268483709273184,58.15601503759399,7.315162907268171,20.912593984962406,12.732456140350877,18.26002506265664,11.765037593984962,23.335839598997495,14.265664160401002,13.48840852130326,6.327067669172932,3.454260651629073,18.656641604010026
41,1146,72.2,25.28333333333333,57.09444444444445,6.794444444444444,18.494444444444444,14.838888888888889,22.03333333333333,11.472222222222221,25.116666666666667,12.755555555555556,14.716666666666665,6.266666666666667,4.094444444444444,19.65
42,1147,71.20186781609195,25.378591954022987,53.49856321839081,6.5890804597701145,17.298850574712645,13.855603448275861,19.782327586206897,9.129310344827587,20.54022988505747,13.512931034482758,15.131465517241379,7.982758620689655,2.7873563218390807,21.688936781609193
43,1148,67.76190476190476,24.33152958152958,55.933621933621936,5.961038961038961,16.77308802308802,13.137806637806637,18.19011544011544,11.906926406926406,22.774531024531022,12.9505772005772,14.314213564213564,6.647186147186147,3.1778499278499277,15.941919191919192
44,1149,70.22340425531914,25.50840768702814,58.61976664378861,7.11770761839396,20.19543582704187,12.08888126286891,17.756520247083046,11.808339052848318,23.29615648592999,12.4226149622512,12.35792724776939,6.768531228551819,2.894818119423473,18.28448867536033
45,1150,72.1421550782672,24.931652712049505,58.16918456497998,7.240535129231889,20.30032763014197,15.038314524936293,22.118674918092466,12.097834000728067,24.5159264652348,13.555970149253731,13.655533309064435,7.009464870768111,2.7370768110666184,18.6822897706589
46,1151,72.40554194733619,25.106858542559706,57.099510104102876,7.313074096754439,21.30281690140845,14.878750765462339,22.043631353337418,12.298530312308635,24.978413962033066,13.421310471524801,14.86604409063074,5.985456215554194,2.8709430496019595,18.674984690753213
47,1152,70.53839553839553,25.255255255255257,57.87580437580438,6.323466323466324,18.092020592020592,13.704418704418705,20.105319605319607,12.320248820248821,21.863363363363362,12.414199914199914,13.984984984984985,8.20892320892321,3.1662376662376666,21.14886314886315
48,1153,65.1258642765685,23.42035851472471,58.07285531370039,6.5419974391805376,19.89078104993598,11.74314980793854,17.984122919334187,13.102304737516004,23.437003841229192,12.59820742637644,11.32010243277849,5.87708066581306,4.330345710627401,16.999487836107555
49,1154,70.68125,24.675,54.61875,7.904166666666667,20.666666666666664,13.427083333333332,19.05625,9.991666666666667,23.641666666666666,13.50625,13.222916666666666,5.98125,2.8354166666666667,18.18125
50,1155,67.86517218973358,24.5003248862898,56.994152046783626,6.351202079272255,19.11630929174789,12.51332033788174,19.140675763482783,12.473034437946719,21.89766081871345,12.128979857050034,13.153346328784925,7.301819363222872,4.421702404158545,17.58349577647823
51,1156,65.41960623461854,23.43956795187312,55.284659557013946,6.22463768115942,18.34946677604594,12.31583264971288,17.718074924801748,11.649576155318567,21.865873666940114,12.38542521192234,13.746923707957343,7.485233798195242,3.296554552912223,19.752119223407163
52,1157,68.09615384615384,24.355944055944057,56.54102564102564,6.484265734265735,18.93111888111888,12.9,19.087412587412587,12.082867132867133,24.146736596736595,12.327039627039627,13.445571095571097,6.165617715617715,2.593706293706294,17.615617715617716
53,1158,68.91439075630251,24.700420168067225,57.077310924369755,7.145063025210084,20.85808823529412,12.368487394957983,18.362079831932775,11.503046218487395,24.176575630252103,11.888865546218486,13.363025210084032,5.90703781512605,3.7698529411764707,17.79989495798319
54,1159,66.4628222523745,23.70922659430122,52.84219810040706,6.877883310719132,18.348168249660787,12.166485753052918,17.907869742198102,9.6797829036635,23.908141112618722,12.212211668928088,14.650610583446404,5.72618724559023,2.6232021709633653,17.91248303934871
55,1160,69.55059523809524,24.151190476190475,56.57678571428572,6.1589285714285715,17.94642857142857,15.089285714285715,21.40357142857143,12.146428571428572,24.689285714285713,11.839285714285715,12.978571428571428,5.463095238095239,3.948214285714286,18.548214285714288
56,1161,70.58241379310344,24.37448275862069,53.724137931034484,5.972413793103448,16.554827586206898,15.86103448275862,22.189999999999998,10.708620689655174,23.50344827586207,12.453793103448277,13.616551724137931,5.552413793103448,3.6948275862068964,19.185172413793104
57,1162,64.82301587301588,22.502380952380953,52.26428571428572,6.734656084656084,18.42910052910053,13.083597883597882,18.4989417989418,10.266666666666666,23.891798941798942,12.57804232804233,13.915343915343914,5.724074074074074,2.6923280423280422,18.42301587301587
58,1163,67.80645161290323,23.703281423804228,56.91629588431591,5.628197997775306,16.984983314794217,14.771690767519466,20.997219132369302,12.513904338153505,24.987764182424918,12.073692992213571,12.561735261401557,5.651557285873192,6.288097886540601,16.727474972191324
59,1164,68.2054211469534,23.133960573476703,56.19713261648745,6.578629032258064,19.059363799283155,15.358870967741936,21.827732974910393,11.17741935483871,22.9744623655914,11.232302867383513,13.605958781362007,7.069220430107527,2.551075268817204,18.34094982078853
60,1165,69.12261904761905,23.979761904761904,54.121428571428574,7.39702380952381,20.422619047619047,13.76607142857143,19.57142857142857,9.392261904761906,22.832738095238096,13.189880952380953,13.072619047619048,6.905357142857143,3.2339285714285717,18.91190476190476
61,1166,67.52395577395578,23.53194103194103,53.76916461916462,7.334643734643734,20.327395577395578,13.125429975429975,18.538083538083537,9.715356265356265,23.386117936117934,13.085380835380835,12.183660933660935,5.43046683046683,3.061916461916462,17.736240786240785
62,1167,68.85574229691876,23.988795518207283,56.39075630252101,6.357843137254902,18.403361344537814,14.5203081232493,21.789915966386555,12.091736694677872,23.37955182072829,12.093137254901961,13.878851540616246,6.595238095238095,2.927170868347339,20.36134453781513
63,1168,72.09219288174512,25.4902411021814,57.61963260619977,6.813662456946039,19.54190585533869,14.29804822043628,20.85683122847302,11.802640642939151,24.57198622273249,12.929735935706084,13.993685419058554,6.137313432835821,2.234557979334099,19.175660160734786
64,1169,72.4932283029298,24.480375898286347,54.96379215035931,5.6274184632393585,15.392758430071863,17.905058043117744,24.382117191818686,11.60033167495854,22.933112216694305,13.203703703703702,15.496268656716417,7.782061912658928,2.7300995024875623,21.092039800995025
65,1170,69.47402056126703,23.87204779105307,55.300500138927475,6.400527924423451,17.84981939427619,15.329397054737427,22.349541539316476,10.632675743262016,23.382745207001946,13.25465407057516,12.77535426507363,7.158794109474854,3.0683523200889136,20.13225896082245
66,1171,63.222794117647055,22.90220588235294,52.413970588235294,6.1286764705882355,16.601470588235294,11.28970588235294,16.448529411764707,9.297058823529412,22.48014705882353,11.89779411764706,12.905147058823529,6.236029411764706,2.916176470588235,19.02058823529412
67,1172,73.20405982905983,25.474358974358974,58.669871794871796,8.099358974358974,23.118589743589745,14.155982905982906,19.299145299145298,11.225427350427351,24.325854700854702,14.177350427350428,13.551282051282051,5.560897435897436,2.4594017094017095,19.51282051282051
68,1173,67.57239084564193,23.54844992695991,54.54179516312287,6.6044473299789,18.95455283233241,13.871043661743222,20.44156792728453,11.707839636422658,23.26164583671482,13.288670670345724,13.715792890764487,5.777065411459178,3.0457717902937835,19.30206135367635
69,1174,68.72986602438657,23.883862712629835,55.24333885292789,6.272994129158512,17.889432485322896,14.689146469968389,21.333885292789404,10.690350745145267,24.562697576396207,11.823573686587384,12.98795724823122,5.7066084600331175,3.615008279391841,18.834562697576395
70,1175,62.98931520155415,21.799295774647888,51.5016998542982,6.6374453618261295,19.1147401651287,12.753278290432249,18.475837785332686,10.541039339485188,19.349198640116562,10.919378338999515,12.60624089363769,6.494536182612919,3.317751335599806,17.55026711996115
71,1176,67.27120653319284,23.370258166491045,50.26238145416228,7.304531085353004,18.84549525816649,13.226159114857746,18.239594309799788,7.437829293993677,21.716412012644888,14.135010537407798,13.22036354056902,6.194942044257113,3.176369863013699,19.58337723919916
72,1177,68.30865298840322,24.533452274754683,56.472792149866194,5.822777282188522,18.025126375260186,13.418971156705322,19.203389830508474,11.672613737734165,22.827683615819208,12.770294380017841,12.48394290811775,6.677520071364853,3.548171275646744,18.527356526910495
73,1178,69.47848537005163,24.846277969018935,55.02732358003442,5.426204819277109,15.695890705679863,14.35972461273666,21.248386402753873,11.360477624784854,22.092082616179002,12.6980421686747,13.59251290877797,6.711058519793459,3.6026247848537007,20.190296901893287
74,1179,68.48910411622276,23.255932203389833,52.932929782082326,7.004842615012106,19.11719128329298,14.972397094430992,20.679903147699758,10.047336561743341,22.942009685230023,12.531719128329296,12.92409200968523,6.48135593220339,2.278450363196126,16.95762711864407
75,1180,65.92619047619047,23.272222222222222,56.0015873015873,5.716666666666667,16.624603174603173,13.665079365079364,20.07857142857143,11.638095238095238,24.158730158730158,12.412698412698411,12.271428571428572,5.628571428571428,3.661111111111111,19.624603174603173
76,1181,74.25350877192983,25.103508771929825,58.102192982456145,8.050877192982457,22.753728070175438,15.99561403508772,22.195394736842104,11.610087719298246,22.37982456140351,12.121491228070177,12.1875,6.145394736842105,4.014254385964913,19.276754385964914
77,1182,74.00226517668378,26.155844155844157,57.6312292358804,7.241769858048928,20.60918151615826,14.448807006946542,21.01328903654485,11.221534279673815,23.651162790697676,14.947598912715192,14.386439142253096,6.0786771368166725,4.1254907882814855,19.022802778616732
78,1183,68.0277538107564,24.465056082830024,55.22260569456428,5.924072476272649,16.475697440322115,13.173569168823699,18.185504745470233,10.691113028472822,23.884383088869715,13.976272648835202,13.213402358354903,5.938452689099799,2.872447512223181,18.761719873454126
79,1184,69.27777777777777,24.233333333333334,52.81587301587302,7.414285714285715,21.096825396825395,13.396825396825397,18.626984126984127,8.773015873015872,20.293650793650794,13.876190476190477,12.865079365079366,6.977777777777778,2.5984126984126985,18.368253968253967
80,1185,64.05144927536232,21.68550724637681,51.993478260869566,6.182971014492754,18.21557971014493,14.497463768115942,21.268115942028984,11.035144927536232,23.212318840579712,11.659782608695652,14.046739130434784,7.055434782608696,3.1836956521739133,18.927173913043475
81,1186,72.04062415926822,24.7440139897767,55.76580575733118,7.483454398708636,20.656712402475115,15.069141781006188,21.7015065913371,10.39938122141512,23.113666935700834,13.233252623083132,13.470540758676352,5.771859026096314,3.6287328490718322,19.814769975786923
82,1187,68.59485815602837,23.36755319148936,55.352127659574464,7.288652482269503,21.0781914893617,14.571099290780143,21.080851063829787,11.34095744680851,23.7895390070922,13.625,13.346808510638297,6.305496453900709,3.3400709219858156,19.583510638297874
83,1188,69.33333333333334,24.55777777777778,55.05833333333334,6.705,18.325555555555553,13.512777777777778,20.465,9.971666666666668,24.320555555555558,12.365,13.873333333333333,5.726666666666667,3.142777777777778,19.453333333333333
84,1189,68.5954759106933,24.458480219349788,56.413239326282806,7.185468076772425,20.483059146102626,12.493047395221307,18.237269878574224,10.667939678809244,24.235311398354877,12.775166470818645,13.22816294555425,6.380043086564825,2.561790050920486,18.60105757931845
85,1190,71.64955357142857,25.457217261904763,57.83482142857143,6.404017857142858,18.193824404761905,14.33110119047619,20.8359375,11.75483630952381,23.411830357142858,11.628348214285715,14.565104166666668,7.9382440476190474,3.322544642857143,19.04873511904762
86,1191,67.3659973810563,23.39360541248363,51.91772151898734,5.562090790048014,14.776735050196422,15.01669576604103,20.411501527717153,8.757856831078133,23.43321693583588,14.525643823657791,13.185726756874729,5.2465080750763855,2.6135966826713224,19.116761239633348
87,1192,72.10764669801677,25.317828664894705,58.15835207524024,7.024841545696177,19.939480678797793,14.447147822531178,20.766816601921896,11.008996115313842,23.008484972398282,13.267327744837456,13.247699856879983,6.643324473522798,3.736148026988346,19.303823349008383
88,1193,66.59599358974359,23.135576923076925,54.955769230769235,6.269551282051282,18.07628205128205,14.055288461538462,19.995673076923076,11.77099358974359,22.918910256410257,12.813141025641025,13.506089743589744,6.168589743589743,4.052403846153846,19.214583333333334
89,1194,71.28937177280551,25.59735370051635,57.64920395869191,6.966759896729776,19.073257314974185,13.127904475043028,19.237736660929432,11.517534423407916,23.870912220309812,13.027861445783133,14.081863166953529,6.370051635111876,3.726011187607573,19.268610154905335
90,1195,69.40410052910053,24.88888888888889,56.761243386243386,5.882275132275132,17.15410052910053,13.744047619047619,20.90343915343915,12.194444444444445,24.157407407407405,12.753306878306878,14.389550264550264,7.451719576719577,3.386904761904762,18.962962962962962
91,1196,68.5873015873016,24.08730158730159,55.73015873015873,6.833333333333334,20.674603174603174,13.579365079365079,19.603174603174605,11.230158730158731,23.706349206349206,12.753968253968253,13.174603174603174,6.1269841269841265,3.3968253968253967,17.039682539682538
92,1197,68.619596891695,23.863283147158814,56.1030840213696,6.6641573579407485,19.503521126760564,14.22887323943662,22.14703739679456,12.327343370568236,24.158572122389508,11.148130160271975,15.650558523555123,7.1486158329286065,2.688319572608062,19.72377367654201
93,1198,67.73492647058823,23.740808823529413,53.647426470588236,5.777205882352941,16.56654411764706,14.476102941176471,21.70294117647059,10.972794117647059,23.59779411764706,11.615073529411765,14.704411764705881,6.7753676470588236,3.4691176470588236,19.32794117647059
94,1199,67.73843762145356,23.854158569762923,54.27652545666537,5.869704624951419,17.05227361057132,14.160415856976293,20.032841041585698,10.96521570151574,22.95093276331131,11.565196268946753,14.871259230470269,6.889137193937039,4.507481539059464,18.477361057131752
95,1200,67.53333333333333,23.8243961352657,56.47946859903382,6.742512077294686,20.082125603864736,13.142028985507245,19.645410628019324,12.158937198067633,22.895410628019324,13.376570048309178,13.371497584541062,6.973188405797101,3.8840579710144927,19.228743961352656
96,1201,68.74629107981221,23.950234741784037,56.49276995305164,7.252112676056338,20.71981220657277,13.593708920187794,19.97361502347418,10.568450704225352,23.971924882629107,12.987887323943662,12.719154929577465,6.807605633802817,3.8950234741784038,18.537464788732393
97,1202,67.40458254865035,23.36111111111111,53.48634651600753,6.953075957313246,20.070621468926554,13.729284369114877,19.657407407407405,10.389673571876962,22.946013810420588,12.335530445699938,13.730853735091024,5.970182046453234,2.9706528562460766,18.087570621468927
98,1203,68.26671732522796,24.133168693009118,55.54122340425532,5.333966565349544,15.527735562310031,14.66641337386018,21.892477203647417,13.160144376899696,23.568579027355625,12.729103343465045,14.248860182370821,6.552811550151976,3.8995060790273555,18.368161094224924
99,1204,70.89078734703301,25.288039713691987,58.01304548603094,6.6028630801200645,19.772685292080354,13.711844839528977,20.369314246132532,11.901639344262296,22.848302932348187,12.172592934657123,14.246132532902333,7.550912029554375,3.1994920341722466,19.87635649965366
100,1205,69.9514652014652,24.623321123321123,57.61813186813187,6.928876678876678,20.926129426129425,13.775946275946277,20.007936507936506,12.264957264957264,24.247557997557998,13.595543345543346,14.710622710622712,6.956959706959707,2.755799755799756,18.823565323565322
101,1206,67.12477355072464,24.106657608695652,55.12964221014492,5.260076992753623,16.057178442028984,13.65138134057971,20.255548007246375,11.398211050724637,24.02660778985507,11.754528985507246,13.60348731884058,6.313745471014492,3.2971014492753623,17.9080615942029
102,1207,67.08132619684804,23.412132024977698,53.112250966399046,5.84240261671127,17.515759738328875,14.414659530181385,19.704876598275348,10.611358905738925,23.29943502824859,13.460600654177817,13.788135593220339,6.444246208742195,4.4518287243532555,19.609277430865298
103,1208,67.88258642765685,23.90358514724712,56.01177976952624,5.968373879641486,17.219846350832263,14.107042253521126,20.478745198463507,12.062612035851473,24.916645326504483,12.488860435339308,13.967733674775928,6.158386683738796,4.092445582586428,18.492445582586427
104,1209,67.0422322775264,24.240196078431374,54.651018099547514,6.007730015082956,17.272247360482655,12.554110105580694,18.498303167420815,10.6210407239819,22.6263197586727,12.046003016591252,12.92873303167421,7.025452488687783,4.060708898944194,17.940233785822024
105,1210,68.8948287910552,25.10482180293501,57.07221057535523,5.43780573025856,16.610878173771255,13.247379454926625,19.36408106219427,12.485907290938737,24.1554856743536,13.306894945259724,14.550663871418589,6.817377125553227,4.530980666200792,18.440251572327043
106,1211,71.46639784946237,25.0421146953405,55.971326164874554,5.82078853046595,17.0994623655914,15.561379928315413,21.4834229390681,10.968189964157705,25.1173835125448,12.474014336917563,12.796594982078853,5.400089605734767,3.2334229390681,19.151881720430108
107,1212,67.3126370614035,23.83031798245614,56.375,5.566474780701754,17.370065789473685,14.085526315789473,21.478070175438596,11.250137061403509,24.56154057017544,11.299342105263158,14.420367324561404,6.463267543859649,2.7269736842105265,20.328125
108,1213,71.40833333333333,23.891666666666666,53.65,6.883333333333333,19.566666666666666,16.741666666666667,23.383333333333333,9.416666666666668,24.691666666666666,12.808333333333334,12.541666666666668,5.291666666666666,3.158333333333333,18.933333333333334
109,1214,65.89040639573618,22.739756828780813,55.366588940706194,5.460859427048634,18.315872751499,14.950033311125916,23.1300799467022,12.841772151898734,24.13241172551632,11.212608261159227,16.18446035976016,7.357678214523651,4.2325949367088604,20.61267488341106
110,1216,65.60791281686804,22.899431414356787,53.588604596067285,7.647239990523573,22.01291163231462,12.161809997630893,17.921345652688935,10.092750533049042,22.270196635868277,12.46114664771381,13.706112295664536,7.206112295664535,2.2164179104477615,18.875977256574274
111,1217,67.72744107744109,23.09124579124579,53.05589225589225,6.514814814814815,17.86851851851852,15.03013468013468,20.704545454545453,10.157744107744108,23.32272727272727,12.634511784511783,14.610942760942761,6.693771043771044,3.919528619528619,17.685185185185183
112,1218,68.2449118046133,24.498530076888287,55.850067842605156,5.082428765264586,16.09984170058797,14.165422885572138,20.6438263229308,11.917684305744007,22.652306648575305,14.058118498417006,13.806648575305292,6.021709633649932,3.7805291723202172,18.088760741745816
113,1219,69.05744047619046,24.840873015873015,56.604662698412696,5.924503968253968,17.175396825396824,13.451190476190476,19.32172619047619,11.49236111111111,23.82420634920635,13.147222222222222,13.811607142857143,6.652579365079365,3.5814484126984127,18.644246031746032
114,1220,70.97048300536673,24.53720930232558,57.180322003577814,6.841681574239713,19.098389982110913,15.05438282647585,22.13103756708408,12.749284436493738,23.890161001788908,12.074418604651164,13.495080500894455,6.292397137745975,3.613148479427549,18.62191413237925
115,1221,64.51304554079697,22.523481973434535,52.8719165085389,6.045303605313093,17.36907020872865,13.420777988614802,19.047438330170777,10.758064516129032,22.08277988614801,12.981499051233396,12.882827324478178,6.856024667931688,3.4124762808349143,17.997153700189752
116,1222,70.69715073529412,24.842371323529413,58.98391544117647,7.021599264705882,21.082720588235293,13.990808823529413,20.256893382352942,12.099724264705882,23.792279411764707,12.147518382352942,12.854319852941178,6.9572610294117645,4.187959558823529,19.490808823529413
117,1223,72.60185185185185,25.212962962962962,57.425925925925924,5.47037037037037,16.07777777777778,16.705555555555556,23.72222222222222,12.157407407407408,24.305555555555557,11.981481481481481,14.82037037037037,6.555555555555555,2.905555555555556,20.61111111111111
118,1224,65.58812615955473,22.462894248608535,52.73562152133581,5.667903525046382,16.496289424860855,14.99443413729128,22.327458256029686,11.479591836734695,23.04359925788497,10.12152133580705,15.666975881261596,5.540816326530612,2.9981447124304266,19.19851576994434
119,1225,68.68458904109589,23.574914383561644,53.89794520547945,6.393921232876712,17.393407534246577,15.14083904109589,21.561643835616437,10.893321917808219,23.906763698630137,12.46515410958904,13.165154109589041,5.412671232876712,2.9666952054794518,19.250171232876713
120,1226,69.5432551319648,24.39872224549644,54.16726015919564,5.862274821952241,16.51476749057394,14.883535819019691,21.703602848764138,10.436426476749057,23.292312526183494,12.640134059488897,13.61049434436531,7.0851487222454965,3.5550900712191034,18.63782991202346
121,1227,68.82767857142858,24.26875,56.46964285714286,6.207142857142857,17.12232142857143,14.083035714285714,20.60892857142857,12.257142857142856,24.50267857142857,13.14375,13.267857142857142,5.982142857142858,3.524107142857143,18.316964285714285
122,1228,65.0515071700322,23.789581504243486,55.95771144278607,6.467954345917471,19.999853672812407,11.004389815627743,16.271290605794558,10.436932982148083,22.4828797190518,13.605794556628622,11.844746853965466,5.830406789581504,3.3330406789581506,17.564969271290607
123,1229,65.00022153300841,23.1650420912716,53.517390341160834,6.571998227735932,18.854563579973416,12.098139122729286,17.590496233938858,10.414931324767391,23.338170137350467,12.498560035445282,13.120846256092157,6.370957022596366,3.4896987151085512,18.131147540983605
124,1230,76.8235294117647,25.41764705882353,55.69117647058823,7.911764705882353,20.576470588235296,18.076470588235296,25.058823529411764,9.076470588235294,24.435294117647057,13.741176470588236,12.379411764705882,6.364705882352942,3.3823529411764706,19.391176470588235
125,1231,69.39866828087168,23.90811138014528,55.01162227602906,7.076150121065375,19.499273607748183,14.50629539951574,19.995641646489105,11.362348668280873,23.567191283292978,12.511622276029055,13.649757869249395,5.843583535108959,3.477360774818402,18.90133171912833
126,1232,64.80737517178196,22.316422354557947,53.41468163078333,6.887196518552451,19.337150710032066,13.287333944113605,18.96014658726523,9.555542830966559,24.247938616582687,12.077874484654146,12.86635364177737,5.66319285387082,3.1211635364177734,18.560009161704077
127,1233,71.65208978328172,25.001160990712073,57.60294117647059,6.501160990712075,19.011609907120743,15.14860681114551,21.593653250773997,11.804179566563468,24.277476780185758,13.992647058823529,14.214396284829721,6.885835913312693,3.988003095975232,19.39280185758514
128,1234,67.19105351170569,23.313127090301002,54.46934225195095,6.287068004459309,18.34057971014493,14.277731326644371,20.165133779264213,11.243868450390188,24.347129319955407,13.984671125975474,13.355629877369008,5.847129319955407,3.777870680044593,17.295986622073578
129,1235,72.57450234192038,26.432816159250585,59.723214285714285,7.194525761124122,20.508343091334893,12.514344262295083,18.543325526932087,10.558108899297423,24.575819672131146,13.692769320843091,11.704918032786885,6.4153981264637,3.400907494145199,16.861533957845435
130,1236,70.24136008918617,24.67516722408027,54.57873467112597,7.361343366778149,19.4914994425864,13.529682274247492,19.80602006688963,9.558528428093645,23.87639353400223,13.296265328874025,13.413322185061315,5.935897435897436,3.4576365663322184,17.98035117056856
131,1237,68.77881297446515,24.62111801242236,54.92684610075914,6.101794340924776,17.275707384403034,13.434782608695652,18.76017943409248,10.564182194616977,21.865424430641824,11.940303657694962,12.478605935127675,6.696342305037957,2.5106970324361626,17.99413388543823
132,1238,66.52708333333334,22.871875,55.74427083333333,5.027083333333334,16.40625,15.75625,22.858854166666667,12.183854166666666,24.209895833333334,11.384375,14.410416666666666,7.545833333333333,3.565104166666667,21.038541666666667
133,1239,72.40239596469104,25.454350567465323,57.14413619167718,6.4064312736443885,18.042118537200505,15.087263556116014,21.79029003783102,11.644766708701134,23.513871374527113,12.804918032786885,14.535561160151325,7.522572509457755,3.575662042875158,19.936822194199245
134,1240,69.05625,23.9578431372549,55.055269607843144,6.440686274509805,18.384803921568626,14.699877450980392,20.739705882352943,11.222426470588236,21.65453431372549,13.65330882352941,13.076838235294119,6.735661764705882,3.3129901960784314,19.25404411764706
135,1241,68.39378442171518,24.079268292682926,54.67033831628639,6.651455546813533,18.64752163650669,13.583792289535799,19.876278520849723,10.800157356412274,23.019669551534225,12.675452399685287,13.090873328088119,6.407159716758458,3.3568056648308415,18.735641227380015
136,1242,70.90275142314991,25.035578747628083,56.826375711574954,5.4895635673624295,16.60436432637571,15.342030360531309,22.341555977229604,12.21394686907021,25.208254269449718,13.179316888045541,14.429791271347248,6.293643263757115,4.9089184060721065,19.330170777988613
137,1243,68.04098360655738,24.0327868852459,55.959016393442624,5.614754098360656,16.549180327868854,14.360655737704917,21.557377049180328,12.729508196721312,22.270491803278688,13.270491803278688,13.40983606557377,6.303278688524591,3.2704918032786887,19.92622950819672
138,1244,70.11574074074073,25.13888888888889,58.013888888888886,7.041666666666666,20.425925925925927,12.796296296296296,18.99537037037037,12.337962962962964,22.162037037037038,12.981481481481481,14.212962962962962,7.236111111111111,3.4722222222222223,17.85648148148148
139,1245,69.4828789893617,24.229222074468083,56.824301861702125,6.480219414893617,19.24966755319149,14.544215425531915,21.22623005319149,12.087267287234042,23.439162234042556,12.11402925531915,12.946642287234042,6.391456117021276,3.3626994680851063,19.904587765957444
140,1246,70.60225442834138,24.860305958132045,55.81159420289855,5.977858293075684,16.88929146537842,14.90378421900161,21.59219001610306,11.89855072463768,23.547504025764894,12.305152979066023,13.573671497584542,6.222624798711755,5.060789049919485,18.148953301127214
141,1247,70.67178259645169,24.62475359053788,57.11588284990144,6.673894677555618,19.056040551957196,14.748380737820334,20.697831596733316,11.856096874119967,22.92241622078288,13.315404111517882,14.022810475922276,7.149816952970994,3.2016333427203607,17.856660095747678
142,1248,70.99788135593221,24.26032838983051,54.12460275423729,7.8320974576271185,21.52092161016949,14.645127118644067,19.74748411016949,8.758606991525424,23.490333686440678,13.881885593220339,13.833818855932204,6.404396186440678,2.9921875,18.065280720338983
143,1249,72.23313782991201,25.13599706744868,57.76722873900293,6.1950146627565985,18.16605571847507,15.766129032258064,23.391862170087975,13.025293255131965,23.989369501466275,13.45601173020528,15.219208211143695,6.707844574780058,3.932551319648094,19.836876832844574
144,1250,65.97722567287785,22.67632850241546,54.209454796411315,6.09247757073844,17.473775017253278,14.532091097308488,20.104209799861973,10.071428571428571,24.68150448585231,12.460662525879918,13.372325741890958,5.9140786749482395,3.1207729468599035,18.09903381642512
145,1251,68.71593406593408,24.00769230769231,54.45934065934066,6.507692307692308,19.005494505494504,14.192857142857143,20.01923076923077,10.524175824175824,24.481318681318683,12.739560439560439,13.7989010989011,6.115934065934066,2.5505494505494504,18.996703296703295
146,1252,74.140625,25.0390625,56.09375,7.6015625,22.0703125,16.4609375,24.0234375,10.984375,25.53125,14.328125,15.3671875,6.390625,2.5078125,19.890625
147,1253,69.63348416289593,24.5210407239819,55.90769230769231,6.776696832579185,19.103846153846156,13.814705882352941,20.236538461538462,11.458371040723982,22.83868778280543,13.01153846153846,14.352601809954752,6.090497737556561,2.8638009049773756,18.331787330316743
148,1254,74.96211515393843,25.605857656937225,58.98630547780888,6.880347860855657,19.550979608156737,16.870051979208316,24.0984606157537,12.901139544182326,25.407137145141945,12.726809276289483,14.595261895241904,6.020391843262695,2.7971811275489804,19.20531787285086
149,1255,74.34540816326532,26.722959183673467,58.59336734693878,7.550765306122449,20.10459183673469,13.348724489795918,18.85841836734694,10.36530612244898,23.72678571428571,14.531632653061225,13.834183673469388,7.010714285714286,2.9262755102040816,18.615306122448978
150,1256,68.51041666666667,24.78030303030303,57.125,5.9981060606060606,17.663825757575758,12.951704545454547,19.455492424242422,12.402462121212121,23.50473484848485,12.367424242424242,13.773674242424242,6.28030303030303,3.444128787878788,18.595643939393938
151,1257,67.75157232704402,23.6029000698812,56.273235499650596,6.836477987421384,20.4748427672956,13.709294199860238,20.241090146750523,12.1575821104123,22.55992313067785,12.798392732354998,12.928197064989519,7.154437456324249,3.9720475192173303,19.51537386443047
152,1258,70.03333333333333,25.26102564102564,58.49333333333333,5.575897435897436,16.477435897435896,13.935384615384615,19.995897435897437,11.793333333333333,23.647179487179486,14.147179487179486,13.726153846153846,7.089743589743589,3.4876923076923076,19.171794871794873
153,1259,67.83641791044775,23.32865671641791,54.30527363184079,6.218706467661692,17.64686567164179,14.96039800995025,21.218905472636813,11.774925373134328,22.648756218905472,11.830646766169153,13.506268656716419,6.2698507462686575,3.6556218905472635,19.30676616915423
154,1260,65.86942355889724,23.371679197994986,53.39824561403509,5.85,16.68609022556391,13.276065162907269,18.721177944862156,10.195864661654134,22.841854636591478,12.273558897243108,12.569924812030076,5.694736842105263,3.2601503759398494,17.212406015037594
155,1261,69.52808136004857,25.092592592592595,57.730115361262904,5.916211293260473,17.777474195506983,13.426684881602913,20.091074681238617,12.434122647237402,24.08682452944748,13.15330904675167,13.87962962962963,7.260321797207043,4.805100182149363,17.360200364298727
156,1262,74.40522875816994,26.624183006535947,57.33660130718954,8.22875816993464,21.251633986928105,12.928104575163399,19.49673202614379,9.297385620915033,25.22222222222222,14.653594771241831,14.473856209150327,6.604575163398692,2.7745098039215685,20.673202614379086
157,1263,68.13546798029557,24.23429802955665,54.58312807881774,6.757697044334975,19.19642857142857,12.909174876847292,18.844827586206897,10.242918719211822,25.525862068965516,13.35344827586207,15.373768472906404,6.41256157635468,3.5036945812807883,18.445197044334975
158,1264,67.89089201877934,23.12788732394366,55.13981220657277,5.751455399061033,17.258215962441312,15.883661971830985,22.827511737089203,11.621032863849766,22.837276995305164,11.86262910798122,13.690234741784037,7.560281690140846,4.051643192488263,20.91718309859155
159,1265,70.33571428571429,24.16857142857143,55.832857142857144,7.892857142857142,21.354285714285716,14.105714285714285,20.147142857142857,10.04,24.285714285714285,12.870000000000001,13.045714285714286,5.865714285714286,3.27,18.074285714285715
160,1266,68.93582375478927,23.813697318007662,55.7294061302682,6.627394636015326,18.990421455938694,14.681034482758621,20.705699233716473,11.145354406130268,22.919061302681992,13.510775862068964,12.847701149425287,6.774425287356322,2.9863505747126435,18.41475095785441
161,1267,71.96584084084084,24.92135885885886,57.13757507507508,6.668731231231231,20.42924174174174,15.454391891891891,22.649587087087085,12.55367867867868,24.088963963963963,13.6112987987988,14.083896396396398,6.178303303303304,3.826951951951952,19.269144144144143
162,1268,71.16938890453395,24.9826809349479,58.79217121937482,6.020839200225288,17.639678963672203,15.183187834412841,21.43058293438468,12.464517037454238,25.017459870459028,13.37552802027598,14.033089270627993,6.418614474795833,4.889890171782596,18.938749647986484
163,1269,68.94847775175643,24.804130295933575,57.64360229934,6.309452842239727,19.588992974238877,13.030764317649563,19.944539067489885,11.95092612305727,24.831381733021075,13.812220566318928,14.45294869065361,6.892803917394081,5.198211624441132,19.498829039812648
164,1270,70.08549783549783,24.926046176046178,57.535353535353536,6.101010101010101,17.47077922077922,14.132395382395384,21.045454545454547,12.596320346320347,24.274170274170274,11.954184704184705,14.066017316017316,6.760822510822511,4.255050505050505,19.893939393939394
165,1271,66.41011404561826,23.206482593037215,54.33358343337335,6.216536614645858,17.892707082833134,13.78061224489796,20.92046818727491,12.273409363745499,22.658163265306122,11.812875150060023,15.251200480192077,6.2108343337334935,2.2963685474189677,19.580582232893157
166,1272,69.34844054580896,23.936647173489277,56.19590643274854,6.1232943469785575,18.50243664717349,15.351851851851851,22.557992202729046,11.511208576998051,23.913255360623783,12.870857699805068,13.1817738791423,6.657894736842105,5.463450292397661,19.130604288499026
167,1273,71.7843501984127,25.199280753968253,57.815352182539684,6.906125992063492,20.173363095238095,14.4796626984127,20.608630952380953,12.330109126984127,25.228794642857142,13.436631944444445,14.617683531746032,5.943080357142858,3.476438492063492,18.38144841269841
168,1274,67.88103411285132,24.042694700708005,56.34938854323107,6.670778802832011,19.297575627547737,13.124865908603304,18.476399914181506,12.126475005363655,23.629907745119073,11.18676249731817,12.612422226989917,6.006865479510834,3.7470499892726883,17.574018450976183
169,1275,62.27097649186257,21.90117540687161,50.01473779385172,6.093128390596744,17.825135623869798,12.375497287522604,17.370705244122966,9.03146473779385,22.185985533453888,11.632007233273056,12.99367088607595,6.025587703435805,3.036528028933092,17.454249547920433
170,1276,65.87769230769231,23.22153846153846,53.963076923076926,7.303076923076923,21.31153846153846,12.131538461538462,16.82923076923077,9.778461538461539,21.252307692307696,12.384615384615385,11.317692307692308,5.957692307692308,3.0276923076923077,16.385384615384616
171,1277,67.41925287356322,24.00287356321839,54.518103448275866,6.056609195402299,16.977586206896554,13.356896551724137,19.010057471264368,11.547413793103448,23.85890804597701,13.991666666666667,13.756609195402298,5.975287356321839,3.8054597701149424,19.35344827586207
172,1278,66.52862347124642,23.264116575591984,54.34829560239396,5.803799115274526,17.317069997397866,14.196591204787925,20.688264376788965,11.491152745251107,23.797033567525368,13.395914650013012,12.968253968253968,6.5597189695550355,4.55711683580536,17.72144158209732
173,1279,71.23452380952381,24.90714285714286,58.292857142857144,7.29047619047619,20.973809523809525,14.129761904761905,20.65714285714286,12.382142857142856,23.385714285714286,12.673809523809524,13.257142857142856,6.923809523809524,3.894047619047619,19.767857142857142
174,1280,68.4363799283154,23.691756272401435,56.29360812425328,6.339605734767025,19.99283154121864,14.71326164874552,22.11648745519713,12.515830346475507,25.748805256869773,11.646356033452808,14.353046594982079,6.280465949820789,4.922640382317802,17.42562724014337
175,1281,70.83296019900497,24.66417910447761,57.220398009950245,6.505597014925373,19.40174129353234,14.999004975124379,21.37139303482587,11.957835820895522,23.400124378109453,12.546766169154228,13.27674129353234,6.6796019900497505,3.1135572139303482,19.22300995024876
176,1282,68.79326026119404,23.70977145522388,55.008162313432834,7.668726679104478,20.749067164179102,13.704990671641792,19.704057835820898,10.804454291044777,21.991837686567166,11.877332089552239,12.692280783582088,6.279617537313433,2.990555037313433,19.112756529850746
177,1283,66.09555555555555,23.241904761904763,54.26857142857143,6.271111111111111,17.39968253968254,13.340634920634919,19.256190476190476,10.98063492063492,23.37174603174603,12.068571428571428,12.981904761904762,5.835555555555556,3.1203174603174606,18.847301587301587
178,1284,65.88818657367044,22.765039232781167,53.151918047079334,6.609415867480384,18.896904969485615,13.748692240627726,19.818439407149086,9.710331299040977,23.42262423714037,13.01482127288579,13.611377506538798,7.046643417611159,3.1137750653879683,18.317131647776808
179,1285,69.41694711538462,24.51045673076923,53.924759615384616,7.0900240384615385,19.595913461538462,13.306009615384616,18.919951923076923,9.193990384615384,22.35985576923077,13.246995192307693,12.201923076923077,5.714423076923077,3.2635817307692307,19.378245192307695
180,1286,70.6921658986175,24.274193548387096,56.01129032258065,7.7133640552995395,21.71405529953917,14.430414746543779,20.82027649769585,10.370737327188941,23.620506912442394,12.741244239631337,12.541013824884793,6.0684331797235025,2.664746543778802,19.101612903225806
181,1287,69.44769597457628,24.456832627118644,54.78919491525424,6.166181144067797,17.219544491525426,14.367849576271187,19.83249470338983,12.29449152542373,22.227224576271187,13.350238347457626,14.376191737288135,6.702595338983051,2.5920286016949152,20.54992055084746
182,1288,67.12231462231463,23.654885654885653,56.526507276507274,5.116077616077616,16.18953568953569,14.696465696465696,23.142758142758144,13.451489951489952,23.15973665973666,11.592862092862092,14.628724878724878,6.087144837144837,3.4866597366597367,20.23024948024948
183,1289,67.0,22.5,49.66666666666667,6.833333333333334,17.0,15.166666666666668,22.333333333333336,5.666666666666666,26.166666666666664,12.666666666666668,11.0,5.333333333333334,2.666666666666667,15.333333333333332
184,1290,66.11177884615384,23.177283653846153,56.24519230769231,6.368389423076923,18.893629807692307,13.388822115384615,20.30108173076923,12.265625,23.595552884615387,11.649038461538462,15.288461538461538,7.802884615384615,2.8058894230769234,19.67548076923077
185,1291,66.72503373819163,23.536437246963565,55.84547908232119,6.375843454790823,19.323211875843455,13.276315789473685,19.305330634278,11.139001349527664,21.62280701754386,11.757422402159245,13.116734143049932,6.907219973009447,3.123819163292848,19.54655870445344
186,1292,66.6,23.395833333333332,53.397222222222226,5.680555555555555,16.193055555555556,14.127777777777778,20.85138888888889,10.9625,23.288888888888888,11.308333333333334,14.118055555555555,5.9527777777777775,2.7944444444444443,20.71805555555556
187,1293,70.37454600484261,24.624546004842614,56.2248789346247,6.74455205811138,19.583837772397096,14.380901937046005,20.691888619854723,11.512711864406779,22.124697336561745,13.357445520581113,12.979721549636803,6.727905569007264,3.164194915254237,19.247730024213077
188,1294,73.02715517241379,24.755603448275863,53.87931034482759,7.028879310344827,18.435775862068965,16.487068965517242,23.26853448275862,10.940086206896552,23.240948275862067,12.728879310344826,13.980172413793102,6.159051724137932,2.2517241379310344,20.2625
189,1295,69.68823273990446,24.39795918367347,54.50911854103343,6.171081198436822,16.757056013894918,14.721233174120712,20.81068171949631,10.100738167607467,24.2147199305254,11.893834129396438,12.784194528875378,5.486539296569692,3.3226226660877116,18.65045592705167
190,1296,67.5125,23.207211538461536,54.32692307692308,5.757692307692308,16.928846153846152,15.340384615384615,22.522596153846152,12.795673076923077,23.709134615384613,12.23798076923077,15.03125,6.5971153846153845,3.111538461538461,19.703846153846154
191,1297,68.828173374613,24.24613003095975,54.51393188854489,7.885448916408668,22.538699690402474,12.45046439628483,18.623839009287927,9.317337461300308,23.060371517027864,13.325077399380804,11.825077399380804,5.747678018575852,2.6424148606811144,18.53250773993808
192,1298,67.35,23.036619718309858,55.36577464788732,6.666338028169013,20.407464788732394,14.610422535211267,21.324929577464786,10.810985915492958,24.27605633802817,12.979718309859155,14.508591549295776,7.175774647887324,2.8369014084507045,20.028591549295776
193,1299,67.1643254316652,23.153350892595846,54.994585894059114,6.219929762949956,19.715539947322213,14.637693883523557,22.725782850453612,11.970002926543751,24.10872110038045,11.597892888498684,15.616622768510389,6.871085747731929,3.6034533216271583,18.599209833187007
194,1300,65.1235632183908,22.138505747126437,52.157471264367814,6.074137931034483,18.071839080459768,14.772413793103448,21.489655172413794,11.220689655172414,22.849425287356322,12.402298850574713,14.948850574712644,6.3919540229885055,2.6632183908045977,19.0183908045977
195,1301,70.42401960784314,24.88088235294118,55.51372549019608,6.327941176470588,18.226960784313725,14.334313725490196,20.779901960784315,11.179901960784314,23.80392156862745,13.363235294117647,12.684313725490195,5.530882352941177,3.8392156862745095,17.691176470588236
196,1303,82.18,28.31,60.504999999999995,7.545,20.81,18.015,24.62,9.850000000000001,23.96,13.969999999999999,13.105,8.004999999999999,2.58,19.435000000000002
197,1304,64.21666666666667,22.0125,53.114285714285714,6.357738095238095,18.15416666666667,13.833928571428572,19.979761904761904,10.04642857142857,23.795833333333334,11.707142857142856,12.6125,6.400595238095239,3.3083333333333336,18.16845238095238
198,1305,70.27279102384293,24.23831229546517,57.83870967741936,5.7268583450210375,17.890135577372604,16.06930808789154,22.78143992519869,13.058555399719495,24.45535296867695,11.945652173913043,12.668186068256194,5.694600280504909,4.621902758298271,18.880668536699392
199,1306,64.09661172161172,22.06845238095238,54.64033882783883,7.451236263736265,21.97092490842491,12.508470695970697,18.631639194139193,10.792811355311356,24.983745421245423,11.412774725274726,12.922619047619047,5.071199633699633,2.5494505494505493,18.189560439560438
200,1307,69.99776021080369,23.84822134387352,53.793017127799736,6.582740447957839,18.808563899868247,15.718577075098814,22.740974967061923,10.231488801054018,24.24729907773386,13.330434782608695,12.686297760210802,5.611198945981554,3.1393939393939396,18.74216073781291
201,1308,69.93262987012987,24.567911255411254,54.863906926406926,5.737554112554113,16.02624458874459,15.059253246753247,22.83198051948052,11.653138528138527,23.897727272727273,12.653138528138527,14.895833333333332,6.140963203463203,3.7470238095238093,17.838474025974026
202,1309,70.21153846153845,24.728276353276353,56.67841880341881,5.3084045584045585,15.37962962962963,15.446581196581198,23.006410256410255,12.153846153846153,23.565527065527064,12.0505698005698,14.198361823361823,6.7243589743589745,2.8621794871794872,19.47257834757835
203,1310,73.27370574630848,24.839708236968512,59.02463974381783,6.764098914783846,20.71143924568582,16.830190357587618,23.83890766767479,13.288649706457925,23.803415762319872,12.664739370218822,13.708681729229674,7.093132894502757,3.2834904821206194,19.498576765700054
204,1311,70.0100358422939,23.711648745519714,53.33136200716846,7.579032258064516,21.138351254480284,15.007706093189963,21.212724014336917,10.091039426523299,22.295698924731184,13.274014336917563,14.572759856630825,6.611648745519713,2.5704301075268816,20.15268817204301
205,1312,69.60294117647058,23.856037151702786,55.92879256965944,7.418730650154799,21.171826625387,14.472136222910216,20.982972136222912,11.3359133126935,24.514705882352942,12.44891640866873,14.56656346749226,6.636222910216718,3.611455108359133,20.36919504643963
206,1313,67.40564478034955,23.722957014643363,55.020784128483704,5.017005196032121,16.07758620689655,14.942725555030705,22.8843882853094,12.253070382616912,23.558573452999525,11.037198866320264,15.17359470949457,6.916036844591403,4.063179026924894,20.32156353330184
207,1314,74.57997065297138,26.72872340425532,62.01962582538518,5.504402054292003,16.972303741746146,15.618121790168745,22.636830520909758,14.889765223771093,24.485509904622155,14.224321349963315,13.537050623624356,6.389765223771093,4.02072633895818,18.45377842993397
208,1315,69.82389162561577,24.5311986863711,54.30665024630542,5.766009852216749,17.123563218390807,14.995484400656814,22.49014778325123,9.238916256157637,24.016009852216747,12.458538587848933,13.604679802955665,7.13464696223317,3.3694581280788176,19.375615763546797
209,1316,68.37486002239642,24.243281075027994,53.78079507278835,6.583706606942889,18.60246360582307,13.304591265397537,20.07278835386338,11.17273236282195,23.556550951847704,12.939249720044792,14.879619260918254,5.619820828667413,3.6394176931690927,18.680851063829785
210,1317,71.84985866492715,24.785496847140685,56.951293759512936,5.917373342030876,16.884105240269626,16.361491628614917,23.61480756686236,12.07197216786258,24.61632963687758,10.98978038704066,14.39639051967819,6.035333768210481,3.898673624701022,20.048380082626657
211,1318,66.76460399937018,23.21374586679263,52.84128483703354,6.568886789481971,18.70595181861124,13.768225476302945,19.330656589513463,10.015666824122185,22.091796567469693,12.92646827271296,13.268855298378208,6.401354117461818,3.4066288773421505,16.548181388757676
212,1319,71.1237513873474,25.141231964483907,54.966981132075475,6.894284128745838,18.76942286348502,13.947003329633741,19.991814650388456,9.788706992230853,24.083934517203108,14.51068257491676,14.041065482796892,5.849889012208656,2.934655937846837,18.925499445061043
213,1320,62.62283169245195,21.48933427097984,50.13842006563526,6.874355368026254,19.527191748710734,12.76980778246601,17.725035161744024,7.4288560712611345,23.59540553211439,11.201593999062354,11.531528363806846,5.382911392405063,2.6204875761837787,15.746718237224567
214,1321,62.457128614157526,22.11565304087737,51.57328015952143,8.070953805250914,22.610335659687607,10.154868727151879,14.76370887337986,8.309903622465935,21.202891326021934,14.64572947823197,11.114988368228648,6.4656031904287135,2.950980392156863,16.692256563642406
215,1322,75.47619047619048,26.172619047619047,59.248511904761905,5.7961309523809526,17.776785714285715,17.33482142857143,25.563988095238095,13.044642857142858,23.84970238095238,13.866071428571429,15.733630952380953,7.958333333333334,4.345238095238095,21.56845238095238
216,1323,71.73214285714286,24.90892857142857,56.971428571428575,8.082142857142857,21.235714285714288,13.832142857142857,19.36785714285714,10.93392857142857,23.267857142857146,14.380357142857143,10.4625,5.366071428571429,3.05,15.905357142857142
217,1324,75.28899204244031,25.882758620689657,57.20464190981433,7.46604774535809,20.04814323607427,16.057427055702917,23.088859416445622,11.674005305039788,22.626923076923077,13.994031830238727,12.773607427055703,6.1937665782493365,2.928514588859416,18.187533156498674
218,1325,70.54465334900118,24.145710928319623,54.97453975714845,6.961907559733647,20.166470818644733,15.29132393262828,21.731884057971016,10.79876615746181,22.984234234234236,12.851645123384253,13.5593419506463,7.175186055620838,2.728848413631022,18.73061104582844
219,1326,65.8673155737705,23.60143442622951,53.93698770491803,5.603825136612022,17.361338797814206,13.060621584699454,18.95679644808743,10.224043715846996,23.474897540983605,12.122267759562842,12.075136612021858,5.626195355191257,3.8237704918032787,16.928620218579233
220,1328,70.66383219954648,24.458475056689345,57.34268707482993,6.8024376417233565,19.37797619047619,14.944444444444445,20.901785714285715,12.185657596371883,23.52763605442177,12.16638321995465,12.951672335600907,6.426445578231293,3.8313492063492065,18.397675736961453
221,1329,70.67884615384615,24.469471153846154,56.37572115384616,6.303245192307692,18.18329326923077,15.436658653846154,21.128365384615385,11.424759615384616,23.346875,11.82860576923077,13.29266826923077,6.514302884615384,3.518149038461538,20.168990384615384
222,1330,65.71907600596126,23.964977645305513,57.36229508196722,5.370193740685544,17.018181818181816,12.418926974664679,18.38897168405365,13.649776453055141,23.40715350223547,13.312071535022355,12.564083457526081,6.970044709388972,3.7815201192250374,17.977049180327867
223,1331,70.56535871836545,24.46180636173671,55.00058045042953,5.537032737404226,16.018574413745068,16.10471325748781,22.462270722080333,11.149756210819596,22.985140469003944,12.606106338518691,13.022521476665894,5.625029022521477,3.532040863710239,18.847109356860923
224,1332,71.39001877346684,25.260481852315394,57.49295994993742,7.161138923654568,20.45556946182728,13.707916145181477,19.155663329161452,11.423498122653317,22.644399249061326,12.909574468085108,13.119993742177723,6.249061326658323,3.076032540675845,18.42584480600751
225,1333,69.2143665158371,24.221153846153847,55.6804298642534,5.660067873303168,16.54581447963801,15.111990950226243,22.44626696832579,11.42024886877828,23.373868778280546,12.892533936651585,13.525452488687783,7.144230769230769,3.4253393665158374,17.835407239819006
226,1334,67.86206896551724,23.45977011494253,53.06400208986416,6.663531870428422,18.728840125391848,14.278996865203762,20.429205851619646,10.448014629049112,23.19905956112853,13.221786833855798,12.855538140020897,4.6828631138975965,2.1005747126436782,19.169801462904914
227,1335,67.6045918367347,24.1109693877551,53.08673469387755,6.519132653061225,18.39158163265306,12.863520408163264,18.700255102040817,8.988520408163264,22.68622448979592,14.040816326530614,13.753826530612244,6.478316326530612,2.9591836734693877,19.205357142857146
228,1336,65.158751393534,22.661204013377926,53.20222965440357,6.597658862876254,19.370680044593087,13.238684503901895,19.098550724637683,11.032998885172798,23.163433667781494,11.970903010033444,12.682162764771462,5.49453734671126,2.8946488294314383,17.361984392419174
229,1337,71.19957386363637,25.252556818181816,56.54204545454546,6.420170454545454,17.49659090909091,14.274289772727272,20.392329545454544,10.915056818181817,23.535227272727273,12.732954545454547,13.587215909090908,6.466761363636364,3.094744318181818,18.912073863636365
230,1338,67.86150367439231,23.892594686263426,54.62266817410966,5.4824759751271905,16.273318258903334,14.59383832673827,21.422131147540984,12.383550028264557,23.002543810062182,14.180327868852459,12.322357263990956,5.55808366308649,3.0282645562464667,17.49279253815715
231,1339,68.9993006993007,24.07062937062937,54.18321678321678,6.285314685314685,16.916783216783216,14.572727272727274,20.61678321678322,10.764335664335665,23.546853146853145,13.13916083916084,13.739160839160839,6.078321678321679,2.932167832167832,18.503496503496503
232,1340,73.34537493158183,25.794061302681992,55.603585112205806,6.629310344827586,18.296661193212916,15.127941981390258,22.043240284619593,10.53585112205802,22.705801860974276,13.928845101258894,13.854542966611932,6.480569239189929,3.344280240831965,19.194718117131913
233,1341,65.89668494516451,23.265079760717846,57.233798604187434,5.458000997008973,16.998005982053837,13.90852442671984,22.26557826520439,12.537512462612163,24.59808075772682,10.896435692921237,14.832003988035893,7.513833499501496,2.937811565304088,20.789007976071787
234,1342,63.81818181818182,22.854112554112554,50.72987012987013,5.921645021645022,16.641991341991343,12.188311688311689,17.254112554112552,8.74025974025974,22.551515151515154,11.211688311688311,13.18961038961039,5.718181818181819,2.3095238095238093,16.81038961038961
235,1343,61.46868686868687,21.138762626262626,48.962752525252526,7.078030303030303,20.53068181818182,12.113131313131312,17.120328282828282,8.340530303030302,20.827272727272728,12.100505050505049,12.375126262626264,6.33510101010101,2.8501262626262625,18.186489898989898
236,1344,72.12441643323996,25.27766106442577,57.674019607843135,6.190709617180206,18.563025210084035,15.378384687208218,21.909547152194214,12.641923436041083,23.681489262371613,13.656862745098039,13.658730158730158,6.371848739495798,4.291433239962652,17.534663865546218
237,1345,67.64074074074074,23.858333333333334,56.06944444444444,6.15,18.17037037037037,13.774074074074074,19.833333333333332,11.689814814814815,23.189814814814817,13.36111111111111,12.350000000000001,5.572222222222223,3.925,19.1037037037037
238,1346,71.23397435897436,25.40521978021978,59.47802197802198,5.577838827838828,16.968864468864467,14.84569597069597,21.469322344322343,14.39835164835165,25.576923076923077,13.573260073260073,14.31959706959707,5.663003663003662,3.2513736263736264,20.117673992673993
239,1347,67.44067135050742,23.905932864949257,56.525891230809265,6.470205568566224,18.77608639084049,13.158600052042676,19.945875618006767,11.484126984126984,24.870153525891233,11.697501951600312,13.172651574290919,6.404371584699454,3.4868592245641423,18.324746291959407
240,1348,68.40236286919831,24.087510548523206,56.8682700421941,5.7655696202531646,17.48945147679325,14.461772151898733,21.588101265822786,13.322784810126581,23.60523206751055,12.362784810126582,13.426160337552743,5.829113924050633,4.155358649789029,18.856708860759493
241,1349,69.52635046113306,24.079973649538864,54.32134387351779,6.738471673254282,18.720948616600793,14.627931488801053,20.64782608695652,10.003952569169961,23.84361001317523,13.780500658761529,13.87733860342556,6.334650856389986,2.6681159420289857,18.17878787878788
242,1350,66.62290725484985,23.46625033218177,53.44671804411374,6.775179378155727,19.776773850651075,12.915227212330588,18.862609619984056,8.903933032155196,21.645894233324476,12.879085835769333,11.86686154663832,6.8712463460005315,3.340951368588892,19.2571086898751
243,1351,71.8132183908046,25.29392446633826,57.76683087027915,6.9778325123152705,19.944786535303777,14.247536945812808,20.811165845648603,11.591543513957308,24.863711001642038,13.747947454844006,13.330665024630541,6.3105500821018055,3.744663382594417,18.083333333333336
244,1352,69.00694444444444,24.073611111111113,54.99444444444444,7.069642857142857,19.363690476190477,13.790079365079364,19.653373015873015,11.084126984126986,22.412896825396825,12.917063492063491,14.273809523809524,7.489484126984127,2.477579365079365,19.39563492063492
245,1353,65.88467741935483,23.36451612903226,55.62876344086021,5.865322580645161,17.287634408602152,13.29032258064516,19.24301075268817,11.816397849462366,23.600537634408603,11.625806451612902,12.806182795698923,6.2747311827956995,4.680645161290323,17.793548387096774
246,1354,68.98383620689656,24.359375,55.46255387931035,5.385506465517242,16.28852370689655,14.87957974137931,22.03313577586207,12.743534482758621,23.587553879310345,11.713362068965516,15.879849137931034,6.285560344827586,3.1977370689655173,20.165678879310345
247,1355,71.17687074829931,24.061904761904763,55.69931972789115,7.199319727891156,20.11609977324263,15.85374149659864,22.032426303854876,11.245804988662131,23.88956916099773,11.96575963718821,12.979818594104309,5.004761904761905,2.531065759637188,18.60589569160998
248,1356,64.47444343480237,23.194797819173104,52.53328032712403,5.741935483870968,16.442526124488868,12.342912312585188,18.398568832348932,10.127214902317128,21.581099500227168,11.42548841435711,13.067582916855976,6.974102680599728,2.795320308950477,20.010790549750112
249,1357,72.52098765432099,26.20332383665717,57.12231718898386,6.285185185185185,17.610066476733145,13.829154795821463,20.066381766381767,11.572934472934472,23.416144349477683,13.546438746438746,15.25954415954416,7.520892687559354,3.131054131054131,19.04235517568851
250,1358,69.83617131062951,23.765995872033024,56.368550051599584,6.64125386996904,19.982843137254903,15.662925696594426,23.845072239422088,12.44969040247678,24.649509803921568,15.078689370485037,14.586945304437563,6.42530959752322,2.923503611971104,21.566176470588236
251,1359,66.04270119863014,22.744220890410958,49.30971746575342,8.01626712328767,21.41384845890411,12.537992294520548,18.12639126712329,7.795269691780822,21.628317636986303,13.970676369863014,12.574914383561644,6.025363869863014,1.9384631849315068,16.496147260273972
252,1360,67.00476406533576,23.101633393829403,52.743421052631575,6.660617059891107,17.881805807622506,14.140880217785845,20.620235934664244,10.087568058076226,22.975272232304903,12.963702359346641,14.341197822141561,6.121597096188748,3.3119328493647915,18.454174228675136
253,1361,66.82742914979757,23.740384615384613,56.02935222672065,5.505566801619433,17.32894736842105,13.841093117408906,20.313259109311744,12.381578947368421,23.236842105263158,11.651821862348179,13.089068825910932,6.4367408906882595,3.340080971659919,17.77834008097166
254,1362,70.45177123346137,24.796414852752882,56.22908664105847,7.098591549295774,19.65759709773794,13.760349978659839,20.51643192488263,10.934485702091337,23.495945369184806,12.755228339735382,13.758642765685018,6.434165599658558,2.571916346564234,18.87633376013658
255,1363,68.29167733674777,24.60179257362356,57.267989756722145,5.893854033290653,17.161715749039693,13.194238156209988,19.178361075544174,11.230601792573623,23.910755441741358,13.062612035851473,13.370166453265044,5.747119078104994,2.9439180537772085,18.83790012804097
256,1364,66.99507389162562,22.85929802955665,51.99014778325123,6.677032019704434,17.729987684729064,14.599445812807883,20.397167487684726,9.871613300492612,23.332204433497537,13.394704433497537,13.938423645320198,5.93442118226601,3.460283251231527,18.778633004926107
257,1365,66.77521008403362,22.836484593837532,54.09290382819795,6.833683473389356,19.491946778711483,14.268557422969188,19.935107376283845,10.62733426704015,23.866013071895424,12.389122315592903,13.735177404295051,6.047268907563025,3.249299719887955,19.59827264239029
258,1366,62.56990622335891,21.93776641091219,52.846121057118495,5.651960784313726,18.138320545609545,13.042412617220801,20.164322250639387,11.678601875532822,22.431159420289855,11.784739982949702,16.414322250639387,7.884697357203751,3.5865302642796246,19.78751065643649
259,1367,69.28428571428572,25.20285714285714,57.83571428571429,6.798571428571429,19.527142857142856,12.08,18.707142857142856,12.128571428571428,23.82,14.260000000000002,13.207142857142857,6.295714285714285,3.8342857142857145,18.062857142857144
260,1368,67.10833927298646,23.376336421952956,53.61368496079829,5.745426467094322,17.041815157994776,14.61023996198622,22.151817533856025,10.745307674031835,23.061059634117367,12.387146590639107,13.87871228320266,6.382751247327156,3.3845331432644334,19.31206937514849
261,1369,72.55204081632652,25.450000000000003,55.75714285714285,6.772448979591837,18.378571428571426,14.879591836734694,21.961224489795917,10.45,24.24285714285714,13.963265306122448,13.812244897959182,6.438775510204081,3.5948979591836734,19.217346938775513
262,1370,71.31515151515151,25.695454545454545,59.343939393939394,6.337878787878788,19.14090909090909,13.586363636363636,20.29090909090909,12.587878787878788,24.490909090909092,13.693939393939393,14.692424242424241,7.657575757575757,2.3333333333333335,19.356060606060606
263,1371,68.82254273504273,24.35811965811966,57.46175213675214,6.062820512820513,18.027884615384615,14.043482905982906,20.30502136752137,12.180448717948718,23.10801282051282,12.535256410256409,13.133547008547009,7.317200854700855,3.216666666666667,19.165491452991454
264,1372,64.50090909090909,23.007272727272728,53.33909090909091,5.308181818181819,15.663636363636364,13.178181818181818,19.24,11.056363636363637,21.37090909090909,12.727272727272727,13.072727272727274,6.526363636363636,2.089090909090909,19.25181818181818
265,1373,70.30315061475409,24.810578893442624,58.43365778688525,5.707479508196721,16.666623975409834,14.97451331967213,21.620517418032787,13.217085040983607,23.885630122950822,13.130507172131146,13.673539959016393,6.806352459016393,3.5049948770491803,18.504738729508198
266,1374,64.76769406392694,22.85730593607306,52.66038812785388,5.710188356164384,17.109874429223744,13.342893835616438,19.075057077625573,10.921518264840183,22.84974315068493,12.362014840182649,14.32420091324201,6.580764840182649,3.7515696347031966,17.02411529680365
267,1375,69.34095171120487,23.671003281762776,54.33977965307079,6.814580403187998,18.839193624003748,15.184364744491326,22.417721518987342,11.20534458509142,24.21612751992499,11.991678387248008,14.52191748710736,6.311415846225973,3.675339896858884,18.753047351148616
268,1376,67.76669254658384,24.496506211180126,58.788690476190474,6.33682712215321,19.104943064182194,12.436853002070393,18.560429606625256,12.778856107660456,21.782738095238095,11.826086956521738,12.498447204968944,7.089932712215321,4.130046583850932,18.20923913043478
269,1377,73.18685897435897,25.499358974358977,57.00480769230769,6.844230769230769,18.977243589743587,15.343910256410258,21.502884615384616,9.358974358974358,25.138141025641026,12.66025641025641,12.217628205128205,5.558333333333334,3.3618589743589746,17.769871794871797
270,1378,65.13881987577639,23.431366459627327,53.60186335403726,5.077329192546584,15.60031055900621,13.198757763975156,19.8027950310559,11.400310559006211,24.393478260869564,13.13447204968944,13.81583850931677,5.866459627329192,4.539130434782608,17.41801242236025
271,1379,67.27617662612374,23.379296668429404,54.35510312004231,5.588313061872025,15.956372289793759,14.929270227392914,21.1467477525119,11.285695399259652,23.159703860391325,11.854574299312533,12.788736118455844,6.216684294024326,2.4684029613960865,19.540983606557376
272,1380,64.5701754385965,22.717772692601066,54.702517162471395,5.1529366895499615,16.180778032036613,13.981693363844393,21.715102974828376,11.348970251716247,24.513348588863465,11.323417238749046,14.518306636155607,6.751334858886347,3.796338672768879,19.25209763539283
273,1381,70.67522052927025,24.780673616680033,51.872093023255815,6.145148356054531,15.39915797914996,14.968724939855653,21.10224538893344,9.409382518043305,23.123696872493987,13.920809943865276,14.79149959903769,5.940256615878107,2.893544506816359,21.117481956696068
274,1382,72.05798368298369,25.43065268065268,56.37237762237763,6.210664335664335,17.738344988344988,14.986013986013987,21.39189976689977,11.607808857808857,23.965326340326342,13.637237762237762,14.145687645687644,5.927156177156178,3.8875291375291376,18.33974358974359
275,1383,68.7035762096003,24.082903040734365,56.67269076305221,7.08825779307707,21.236182826544272,13.449512335054504,20.699847007075924,12.21667622872442,23.08156435264869,12.804934021801492,14.750621533754064,7.2397207879135586,3.371677184930197,20.338783706253587
276,1384,67.15723562152134,23.667285095856524,52.29669140383426,6.699443413729128,18.180735930735928,13.123222016079158,18.90538033395176,9.570964749536179,22.199752628324056,13.258194186765616,14.017006802721088,6.095083487940631,2.782622139764997,17.394403215831787
277,1385,65.63900862068965,23.86602011494253,56.457614942528735,4.942887931034482,15.320402298850574,12.964080459770116,19.333692528735632,12.105962643678161,23.17277298850575,12.026580459770116,13.192887931034484,7.203304597701149,4.748922413793103,18.19647988505747
278,1386,67.33457711442786,23.485696517412933,53.77064676616915,6.243532338308458,18.312562189054727,14.119651741293533,20.583830845771146,9.779228855721392,23.718283582089555,13.415298507462687,12.290298507462687,5.433582089552239,4.60547263681592,17.23830845771144
279,1387,63.17313546423135,22.483764586504314,52.276002029426685,6.061263318112633,17.39167935058346,12.144342973110096,17.71334348046677,8.828386605783866,23.770167427701672,13.109969558599696,12.737316083206494,5.645230847285642,3.2960426179604263,17.418696093353628
280,1388,69.62216216216217,23.696216216216214,54.61972972972973,6.7072972972972975,19.124324324324327,15.522432432432431,22.23972972972973,11.972432432432432,23.428648648648647,12.128378378378379,13.013783783783785,5.722162162162162,3.638918918918919,18.003783783783785
281,1389,66.90838632750398,23.593203497615264,56.42189984101749,6.832472178060414,18.967209856915737,12.889507154213037,19.349562798092208,12.077702702702702,23.948926868044516,11.858704292527822,14.04054054054054,7.017885532591415,3.859300476947536,19.362678855325917
282,1390,68.4182808716707,24.230780871670703,56.518311138014525,6.165254237288135,17.319309927360774,13.791464891041162,20.41464891041162,11.76180387409201,23.876513317191282,12.902239709443098,12.504993946731235,4.727602905569007,3.5870157384987893,18.10487288135593
283,1391,70.71774193548387,24.960117302052787,56.05322580645161,6.623607038123167,18.851319648093842,14.173900293255132,20.602052785923753,11.174046920821114,23.18709677419355,12.570674486803519,14.457624633431085,7.097507331378299,2.7718475073313784,18.792521994134898
284,1392,64.26449598572702,23.05337496283081,56.16235504014273,5.822925958965209,17.205471305382098,12.334820101100208,18.127118644067796,12.152096342551292,23.346268212905144,10.850431162652393,12.319060362771335,5.953761522450193,2.6181980374665477,18.56497175141243
285,1393,68.80137195121952,24.528353658536584,56.79908536585366,6.06234756097561,18.190243902439025,13.682317073170731,20.339939024390244,12.506554878048782,23.544359756097563,14.086890243902438,13.097560975609756,7.154115853658537,5.073323170731707,16.83185975609756
286,1394,67.91509433962264,23.94215898546242,52.94540674296319,5.177698731828023,15.44772656974946,14.85307763686978,21.64583977729663,10.757500773275595,22.79802041447572,12.715279925765543,14.713269409217446,6.984998453448809,3.5092793071450665,19.664553046705848
287,1395,66.03192307692308,22.83346153846154,54.580769230769235,6.733076923076923,19.133076923076924,13.631923076923076,20.308461538461536,11.073846153846155,22.79153846153846,13.13923076923077,13.638461538461538,6.187307692307693,2.917307692307692,19.426923076923075
288,1396,68.83169533169533,24.54090909090909,58.46191646191646,7.471744471744472,21.44226044226044,12.278132678132678,17.905159705159704,11.134889434889434,23.216707616707616,13.507862407862408,10.928624078624079,6.885135135135135,3.714250614250614,17.216584766584766
289,1397,68.32224125275263,24.41436261316369,56.99743087839491,6.245412282848054,18.879618301932958,13.248103743577197,19.654636652801564,12.473330070956692,23.529606068020552,12.982016148764375,13.311720088084169,6.567164179104477,3.8467090775630046,18.52874969415219
290,1398,70.75433594678071,24.435138987883107,54.85257780945592,6.990734141126158,18.710144927536234,14.893323829888335,21.232359230220954,11.167023045854123,23.18840579710145,12.793537657400808,14.112497030173436,6.98455690187693,3.6696364932287953,19.952007602755998
291,1399,72.59234234234233,25.4,56.03873873873874,6.081531531531532,17.962387387387388,15.71081081081081,22.945720720720722,12.201126126126127,23.784684684684684,12.920945945945945,15.494594594594595,6.797972972972973,3.3286036036036037,20.544594594594592
292,1400,70.88743781094527,24.98320895522388,58.45,6.350621890547264,18.252114427860697,14.57039800995025,21.379228855721394,12.941666666666666,24.673383084577114,11.898507462686567,12.563059701492538,5.106094527363184,4.912189054726368,19.361442786069652
293,1401,66.63108791903858,23.493200506008854,54.11748893105629,5.894528779253637,16.979443390259327,13.750158127767236,20.54222011385199,11.726280834914611,23.13851992409867,13.09282099936749,13.241777356103732,6.127134724857685,2.939595192915876,18.603099304237823
294,1402,71.48686974789916,24.304621848739494,56.73529411764706,6.630252100840336,19.03886554621849,16.24737394957983,23.426470588235293,11.828256302521009,23.418067226890756,12.899159663865547,14.26890756302521,7.214810924369749,2.9080882352941178,20.8125
295,1403,70.5686475409836,24.352800546448087,55.346140710382514,5.566427595628415,15.160006830601095,16.296618852459016,22.573428961748633,10.466359289617486,21.645662568306008,12.795252732240439,12.555498633879782,6.2324112021857925,3.434084699453552,18.71857923497268
296,1404,72.1150284900285,24.975071225071225,57.67877492877493,6.581552706552706,19.441595441595442,15.583333333333332,21.914886039886042,12.383190883190883,22.875356125356127,13.001068376068377,13.237535612535613,6.909900284900285,2.5776353276353277,18.5715811965812
297,1405,69.71694053208137,24.570813771517997,55.221341940532085,6.226232394366197,18.60602503912363,14.349080594679187,20.24755477308294,10.661776212832551,22.424687010954614,12.896909233176839,13.74706572769953,7.268388106416276,2.4627347417840375,18.448943661971832
298,1406,68.26960784313725,23.577264239028942,54.6968954248366,5.364962651727358,16.197245564892626,15.750116713352007,23.07469654528478,12.51704014939309,24.578548085901026,11.940242763772176,13.255718954248366,5.602357609710551,4.121381886087768,19.289682539682538
299,1407,72.69789915966386,25.688655462184876,59.785294117647055,8.249579831932774,24.159243697478992,13.071008403361345,19.135714285714286,12.073529411764707,23.340756302521008,12.867226890756303,12.421848739495797,7.298739495798319,3.4075630252100844,16.892436974789916
300,1408,66.74475122231809,23.019844693701465,53.943917169974114,5.9109864825999425,16.81507046304285,14.794075352315215,21.60742018981881,11.209663503019845,23.31291343111878,12.883520276100086,13.812338222605696,6.53940178314639,3.822260569456428,18.39142939315502
301,1409,66.56721215663354,23.169345412039743,54.24912331969608,5.952074810052601,18.053185271770893,14.276446522501463,20.63383985973115,11.022209234365867,24.806984219754533,11.672559906487434,13.902834599649328,5.470631209818819,3.9639099941554647,19.42270601987142
302,1410,67.22641062114747,23.531294452347083,53.779990516832626,6.005926979611191,17.645092460881934,14.157894736842106,20.884305357989568,9.99786628733997,23.208392603129447,13.409672830725462,13.80393551446183,6.278330962541489,2.0455192034139404,18.92152678994784
303,1411,66.92274305555556,22.98003472222222,53.2890625,5.052083333333334,16.528645833333332,15.910590277777779,24.95486111111111,11.612847222222221,24.719618055555557,11.502604166666668,15.565972222222221,6.776909722222222,3.161458333333333,18.92361111111111
304,1412,69.04358256697321,24.44922031187525,56.757297081167536,6.185525789684126,18.456217512994805,13.959616153538583,20.473210715713712,11.543082766893242,23.151339464214317,13.375349860055977,13.184026389444222,6.951619352259096,3.2621951219512195,18.22201119552179
305,1413,69.84254046446165,24.334975369458128,53.50967628430682,7.399718508092892,19.448275862068968,13.772871217452499,19.20619282195637,8.291695988740322,23.25545390570021,13.396023926812104,14.050668543279382,5.915200562983815,2.5467980295566504,19.310520760028147
306,1414,67.0078125,23.75,53.578125,6.4140625,17.46875,13.09375,18.5546875,9.828125,23.9765625,13.7578125,13.3828125,5.2265625,3.2890625,18.28125
307,1415,65.90135746606335,23.510294117647057,53.585407239819006,5.591402714932126,16.34027149321267,13.289366515837106,19.052149321266967,10.202488687782806,23.890158371040723,12.227488687782806,13.623529411764705,5.850226244343892,3.0063348416289593,18.844570135746608
308,1416,66.52542372881356,23.206416464891042,53.95399515738499,6.602905569007264,19.640920096852298,13.509685230024212,19.460774818401937,11.93547215496368,24.057384987893464,12.862469733656173,14.468523002421307,6.114285714285714,3.7788135593220336,17.52179176755448
309,1417,71.41385135135135,26.001930501930502,58.27919884169884,5.810569498069498,17.443291505791507,13.599420849420849,19.930743243243242,11.999517374517374,24.176158301158303,13.934604247104247,13.105936293436294,5.734797297297297,3.4152992277992276,17.911679536679536
310,1418,70.8576923076923,24.588461538461537,57.29102564102564,6.5346153846153845,19.111538461538462,15.146153846153846,22.707692307692305,12.547435897435896,23.494871794871795,11.842307692307692,14.642307692307693,6.647435897435898,3.56025641025641,19.965384615384615
311,1419,67.86391129032259,23.777217741935484,55.53293010752688,6.748319892473118,18.935483870967744,13.561155913978494,19.93413978494624,11.635752688172044,22.711021505376344,11.90994623655914,14.115255376344086,6.560819892473118,2.73252688172043,18.79233870967742
312,1420,68.58182093163944,24.762099213551117,56.3970054446461,5.74092558983666,16.62855414398064,13.316696914700543,19.801421657592257,10.769056261343014,23.605111917725345,13.282365396249244,12.557773744706594,6.883847549909255,2.921657592256503,18.656533575317603
313,1421,73.17429792429792,25.974969474969477,57.10332722832723,6.528235653235653,18.22893772893773,14.696123321123322,20.712606837606835,11.301739926739927,23.909493284493283,14.308150183150182,14.541056166056165,7.685897435897436,4.00976800976801,17.952075702075703
314,1422,71.43975741239892,25.181132075471698,56.728706199460916,6.511725067385445,18.58840970350404,14.565768194070081,21.190970350404314,11.317115902964959,23.631536388140162,12.277762803234502,14.073854447439352,6.769407008086253,3.736522911051213,19.547304582210245
315,1423,67.4038208168643,24.207839262187086,57.051383399209485,6.6976284584980235,19.742753623188406,12.290513833992094,18.25955204216074,11.680500658761527,23.775032938076414,12.464426877470355,12.311923583662715,6.068181818181818,2.912714097496706,19.228919631093547
316,1424,69.6648711943794,24.379625292740048,56.34683840749415,6.690866510538641,19.614285714285714,14.214754098360656,20.701405152224822,10.886416861826698,23.999882903981266,13.6692037470726,13.116510538641686,6.561592505854801,4.20023419203747,18.873067915690868
317,1425,68.55623132735809,25.00640204865557,56.86790439607341,5.840268886043534,16.845817328211695,12.703158344003414,19.079705505761844,11.122705932565086,23.418693982074263,12.270806658130603,13.181177976952625,6.55281690140845,3.9427016645326507,18.180431071276143
318,1426,71.60349462365592,24.72244623655914,56.564516129032256,6.516129032258064,19.31810035842294,15.642473118279572,22.90793010752688,11.808243727598565,25.052643369175627,13.237679211469533,15.29502688172043,6.327732974910393,2.8389336917562726,20.20945340501792
319,1427,72.28869047619048,24.945436507936506,57.06150793650794,7.263888888888889,20.211309523809526,15.133928571428573,22.1468253968254,11.636904761904763,24.043650793650794,12.890873015873016,14.395833333333332,6.673611111111111,2.4970238095238093,19.683531746031747
320,1428,66.29675166970249,23.067395264116577,52.15042501517911,6.146782027929569,18.017455980570737,14.01517911353977,19.410898603521552,9.73299939283546,23.851092896174862,12.511232544019428,12.843047965998785,5.139647844565877,3.4869459623557986,18.013054037644203
321,1429,67.8936678614098,24.355436081242534,53.078255675029865,5.927718040621267,16.396356033452808,13.255077658303465,18.336618876941458,9.887395459976105,23.050179211469533,14.1084229390681,12.300776583034647,4.6920549581839905,2.5612305854241337,17.109020310633213
322,1430,68.82630385487528,24.08571428571429,55.65056689342404,6.6748299319727895,19.718820861678005,13.980045351473922,19.726077097505666,10.331972789115646,24.73106575963719,13.4281179138322,13.170521541950112,5.894104308390023,3.228344671201814,18.51020408163265
323,1431,68.50943138326954,23.834745762711865,54.99699289229087,5.235237834882449,16.236468015308912,15.604702022963366,22.771049753963915,10.280891197375615,24.1470749043193,13.108119190814651,13.178922908693275,6.211044286495353,3.3913340623291415,19.071487151448878
324,1433,67.64370971592265,23.54571496777274,56.833253759847224,6.5728097397947005,19.662449271902602,13.979470040582477,20.414060634996417,11.946884698018621,22.823466221055146,11.668536643590356,13.24814991644784,7.507400334208642,4.064931964669372,19.136190021484843
325,1434,69.60447303921569,24.048406862745097,53.638939950980394,7.07797181372549,19.841911764705884,14.4296875,20.271446078431374,10.378370098039216,24.220281862745097,13.506587009803923,14.499540441176471,5.713694852941177,3.048406862745098,19.954656862745097
326,1435,69.1012909632572,23.419563058589873,54.315789473684205,7.703243958953989,21.173783515392255,14.55892088712347,20.426348891095664,10.048659384309833,23.825885468387952,13.476497848394573,13.087884806355511,5.127441244620986,3.8920887123469052,17.803210857332008
327,1436,65.48050682261209,23.08235867446394,53.081384015594544,4.963450292397661,15.478070175438596,14.352339181286549,21.046296296296298,11.083333333333332,24.161306042884988,12.397173489278753,13.412768031189085,5.847953216374269,3.590643274853801,18.264132553606238
328,1437,68.29061059907833,22.993663594470046,55.21226958525345,6.337269585253456,18.956221198156683,15.966013824884794,21.78369815668203,12.337845622119815,23.45190092165899,11.984735023041473,13.616647465437788,6.724366359447005,3.622983870967742,18.8580069124424
329,1438,66.51252213508727,23.77422210979003,55.28775613458133,6.337971161143436,17.974576271186443,12.626106754363775,18.16911206678472,10.603339236023274,23.47799139893752,12.106880849987352,12.09903870478118,5.335061978244371,3.4300531242094614,18.132304578800913
330,1439,67.61309523809524,23.841666666666665,56.62738095238095,5.966666666666667,17.390476190476193,13.963095238095239,20.55357142857143,11.113095238095237,23.205952380952382,11.748809523809523,12.002380952380953,6.210714285714285,3.716666666666667,18.09642857142857
331,1440,79.88690476190476,28.005494505494504,64.46932234432234,9.298076923076923,27.76419413919414,14.577838827838828,21.303113553113555,12.755952380952381,23.88186813186813,14.57554945054945,13.83470695970696,8.065934065934066,4.10485347985348,18.607142857142858
332,1441,70.14529349550503,24.440111052353252,57.242993125330514,6.7228979375991536,19.13339502908514,14.542173453199366,20.63815441565309,12.41988365943945,22.969063987308303,12.043892120571126,14.574431517715496,7.820861977789529,3.081967213114754,20.04111581173982
333,1442,63.878205128205124,22.298659673659674,50.31497668997669,5.886655011655011,15.809149184149184,13.39423076923077,19.413170163170165,8.731934731934732,22.916666666666664,12.297202797202797,13.032051282051281,5.903263403263404,2.7896270396270397,17.733391608391607
334,1443,71.34891909597118,25.23141172617098,57.06231575499508,6.825499508679987,19.553963314772353,14.06059613494923,20.784719947592535,12.329839502129053,22.925237471339663,12.183344251555846,14.09466098919096,5.708319685555192,3.2194562725188343,18.907631837536847
335,1444,68.42434912505335,23.4057831839522,54.429043960734106,6.126760563380282,18.257362355953905,15.486022193768672,22.06754161331626,11.635616730687154,24.009069568928723,11.941634656423389,13.817968416559967,5.464041826717883,2.9264831412718735,19.314980793854033
336,1445,63.89510489510489,22.66083916083916,54.55594405594405,5.202797202797203,16.755244755244753,13.37062937062937,21.4020979020979,11.6993006993007,23.986013986013987,10.541958041958042,15.89160839160839,6.727272727272727,3.0419580419580416,17.975524475524477
337,1447,68.18817878028403,24.069131161236424,55.549289891395155,6.234962406015038,17.47838345864662,13.814954051796157,19.546992481203006,12.040935672514621,24.006265664160402,12.191102756892231,14.513575605680868,6.0774853801169595,3.663220551378446,19.767126148705096
338,1448,74.51046943600136,25.675785207700102,57.11195542046606,6.570246538331645,18.27017899358325,16.588652482269502,24.143363728470113,11.690138466734211,25.290949003714964,13.365923674434313,14.152482269503546,6.07176629517055,4.22644376899696,19.506079027355625
339,1449,74.5682563338301,27.033532041728762,60.22160953800298,6.098211624441133,17.31624441132638,14.402980625931445,20.921162444113264,12.772131147540982,23.060953800298066,13.54903129657228,13.634873323397914,6.436065573770492,3.7131147540983607,19.765722801788378
340,1450,65.36138364779875,23.08641509433962,52.66301886792453,6.459496855345912,17.947547169811322,12.729056603773586,18.151823899371067,8.737106918238993,23.3662893081761,13.006540880503145,12.038364779874215,5.259371069182389,3.3169811320754716,17.321257861635218
341,1451,70.60534591194968,23.67138364779874,52.156184486373164,7.166797693920335,19.52843291404612,16.095780922431864,22.17898322851153,9.217767295597483,23.6145178197065,12.113076519916142,13.88037211740042,5.02541928721174,2.8540356394129978,19.31551362683438
342,1452,68.808263181214,24.30981391227293,57.73548958794861,7.012073548958795,21.333185644661057,13.176561807709348,19.447385910500664,12.828865750996899,21.6686973859105,14.173571112095702,12.280793088170137,6.850575985821887,3.6127603012848915,18.395104120513956
343,1453,69.02366780045352,24.26941609977324,54.84892290249434,5.684807256235828,16.183531746031747,14.800028344671201,20.84438775510204,10.985544217687075,23.179563492063494,12.121031746031747,13.241496598639454,6.308248299319727,3.941184807256236,18.096371882086167
344,1454,69.70107012109264,23.654885947620386,55.22852717544353,7.62278231484089,22.324838073782033,14.768515911010983,21.43001971275697,11.51422134609969,23.599971838918613,13.063362433117431,13.521120811039143,5.605040833568008,2.5756125035201354,18.942128977752745
345,1455,65.88948863636364,23.016619318181817,54.25809659090909,6.222869318181818,19.171875,13.633380681818181,19.082386363636363,11.678125,23.725284090909092,12.875994318181817,13.089346590909091,5.978693181818182,2.9957386363636367,18.625142045454545
346,1456,68.46543560606061,23.463778409090907,52.214962121212125,7.8392518939393945,21.336647727272727,13.698626893939394,19.771543560606062,9.379024621212121,23.674242424242422,13.725852272727273,12.633996212121211,5.043087121212121,2.8375946969696972,16.952651515151516
347,1457,66.5633874239351,23.730730223123732,56.54690669371197,6.266987829614605,18.77231237322515,12.834939148073023,19.218559837728193,11.335953346855984,23.850912778904664,11.475659229208926,13.019269776876268,6.916328600405679,3.845081135902637,18.390973630831645
348,1458,63.78825136612022,22.208040593286498,53.76092896174863,6.290593286494926,19.398907103825138,13.081576893052302,18.901639344262293,10.966822794691648,22.096994535519123,10.996682279469166,10.956088992974239,5.011709601873536,2.9108118657298987,16.497853239656518
349,1459,69.92378464334394,24.541912766924124,56.09098137210359,7.144139027714676,19.662653339391184,13.695820081781008,19.732621535665608,10.803952748750568,22.179009541117672,13.919809177646524,12.05599727396638,6.559177646524307,2.3396183552930485,17.744434348023624
350,1460,64.36458333333334,22.49888392857143,51.54947916666667,6.348214285714286,17.684895833333336,13.01860119047619,18.766369047619047,9.287946428571429,21.623511904761905,11.940104166666668,12.645089285714285,5.731026785714286,2.0078125,19.07217261904762
351,1461,67.9689393939394,22.781060606060606,51.82424242424243,5.940151515151515,17.596212121212123,16.46666666666667,23.506060606060608,9.641666666666666,25.018939393939394,11.71590909090909,14.063636363636363,5.292424242424243,3.8545454545454545,18.651515151515152
352,1462,69.84219810040705,24.01194029850746,54.24993215739484,5.999457259158752,17.39782903663501,15.818860244233377,22.411397557666213,11.175983717774763,23.974898236092265,12.645861601085482,13.508005427408413,5.541519674355495,3.2332428765264587,18.92727272727273
353,1463,66.33191489361701,23.457092198581563,53.03173758865248,5.796276595744681,16.490248226950353,13.62145390070922,19.655319148936172,10.41258865248227,23.3145390070922,13.253014184397163,14.327127659574469,6.279078014184397,3.7391843971631205,18.24078014184397
354,1464,71.7383258817685,25.570541480377546,57.4449826130154,7.001490312965723,18.783407848981618,13.59575260804769,19.83842523596622,10.841778440139095,23.917039244908096,13.987208147044214,12.384749130650771,5.765772478887233,3.6533780427223053,18.294833581718827
